<botcomponent schemaname="cr4c4_feedbackClassifier.component.CustomerFeedbackTrainingAIIdeas.xlsx_nJ-">
  <componenttype>14</componenttype>
  <description>Classified types of the feedback</description>
  <filedata mimetype="application/vnd.openxmlformats-officedocument.spreadsheetml.sheet">Customer%20Feedback%20Training%20AI%20Ideas.xlsx</filedata>
  <iscustomizable>0</iscustomizable>
  <name>Customer Feedback Training AI Ideas.xlsx</name>
  <parentbotid>
    <schemaname>cr4c4_feedbackClassifier</schemaname>
  </parentbotid>
  <statecode>0</statecode>
  <statuscode>1</statuscode>
</botcomponent>